id,forecastVolum
1,374
2,377
3,226
4,345
5,429
6,254
7,477
8,252
9,2533
10,410
11,745
12,226
13,396
14,410
15,760
16,487
17,410
18,360
19,745
20,177
21,380
22,381
23,386
24,334
25,302
26,299
27,584
28,577
29,1088
30,388
31,6285
32,583
33,1606
34,369
35,822
36,502
37,1303
38,932
39,592
40,1262
41,1408
42,302
43,417
44,728
45,192
46,337
47,222
48,359
49,405
50,143
51,385
52,177
53,1274
54,227
55,418
56,124
57,372
58,309
59,414
60,270
61,214
62,124
63,541
64,176
65,289
66,337
67,218
68,376
69,201
70,184
71,549
72,295
73,516
74,275
75,2579
76,497
77,968
78,383
79,508
80,624
81,1684
82,689
83,612
84,754
85,689
86,192
87,318
88,290
89,397
90,4934
91,652
92,292
93,2306
94,2002
95,4528
96,1952
97,2007
98,2790
99,2416
100,1166
101,4528
102,4528
103,2007
104,2049
105,1944
106,539
107,2306
108,437
109,2416
110,766
111,604
112,636
113,722
114,157
115,1370
116,1448
117,2062
118,846
119,5158
120,826
121,1785
122,1063
123,3028
124,2857
125,1394
126,1482
127,1560
128,481
129,524
130,846
131,810
132,636
133,947
134,352
135,172
136,982
137,427
138,417
139,961
140,365
141,880
142,131
143,927
144,232
145,622
146,853
147,1015
148,372
149,236
150,229
151,411
152,198
153,372
154,250
155,656
156,189
157,89
158,176
159,474
160,685
161,489
162,147
163,612
164,197
165,1053
166,441
167,390
168,552
169,952
170,508
171,508
172,277
173,133
174,189
175,317
176,101
177,1204
178,489
179,475
180,539
181,1420
182,1366
183,1287
184,539
185,1261
186,484
187,1134
188,1204
189,1449
190,1381
191,1138
192,1381
193,1261
194,557
195,495
196,641
197,513
198,324
199,1350
200,411
201,380
202,118
203,1614
204,2538
205,3007
206,989
207,1370
208,928
209,3007
210,1838
211,1838
212,3007
213,2771
214,1711
215,1370
216,1191
217,584
218,528
219,602
220,232
221,311
222,460
223,425
224,380
225,1300
226,1098
227,1460
228,1074
229,1028
230,1236
231,1296
232,921
233,1053
234,1662
235,1662
236,1135
237,1296
238,921
239,471
240,944
241,950
242,249
243,86
244,597
245,441
246,93
247,1143
248,596
249,1298
250,1097
251,1220
252,672
253,596
254,707
255,1868
256,1586
257,1071
258,672
259,1074
260,388
261,723
262,619
263,1189
264,477
265,261
266,1117
267,854
268,185
269,1157
270,1174
271,1812
272,1117
273,1537
274,853
275,1131
276,1345
277,1870
278,1978
279,1135
280,1307
281,1345
282,711
283,500
284,778
285,918
286,778
287,704
288,2126
289,1323
290,675
291,2683
292,2902
293,3595
294,1459
295,3595
296,1037
297,3595
298,2189
299,2683
300,3595
301,2683
302,2729
303,2902
304,1180
305,1885
306,1494
307,1885
308,900
309,823
310,548
311,567
312,866
313,914
314,1213
315,1351
316,830
317,693
318,279
319,1391
320,520
321,1325
322,1667
323,964
324,472
325,716
326,389
327,306
328,514
329,696
330,175
331,106
332,1378
333,1156
334,509
335,2575
336,683
337,2271
338,1453
339,1899
340,568
341,688
342,572
343,2271
344,1899
345,682
346,775
347,1359
348,705
349,1524
350,419
351,957
352,1659
353,4169
354,1488
355,1019
356,1166
357,4169
358,4169
359,2705
360,1859
361,1542
362,1021
363,2705
364,1367
365,2705
366,2705
367,4882
368,1080
369,4882
370,1889
371,1576
372,1468
373,1913
374,482
375,538
376,1206
377,1300
378,364
379,1543
380,1305
381,3159
382,3315
383,784
384,619
385,1678
386,693
387,3159
388,3131
389,854
390,584
391,578
392,723
393,1725
394,587
395,1513
396,846
397,514
398,530
399,576
400,1284
401,1487
402,790
403,1215
404,512
405,1233
406,477
407,1329
408,528
409,1227
410,1236
411,1055
412,733
413,680
414,509
415,996
416,538
417,594
418,877
419,477
420,341
421,183
422,216
423,421
424,521
425,881
426,177
427,521
428,243
429,1028
430,415
431,411
432,421
433,984
434,353
435,477
436,286
437,260
438,296
439,229
440,234
441,833
442,873
443,873
444,561
445,2222
446,2079
447,2222
448,730
449,1349
450,569
451,1882
452,634
453,1882
454,1882
455,2222
456,930
457,930
458,628
459,757
460,655
461,892
462,568
463,731
464,331
465,284
466,561
467,800
468,800
469,1055
470,256
471,771
472,223
473,1129
474,382
475,1112
476,1020
477,1145
478,347
479,405
480,338
481,327
482,108
483,405
484,284
485,84
486,103
487,103
488,94
489,276
490,600
491,873
492,409
493,173
494,189
495,380
496,158
497,878
498,509
499,151
500,307
501,294
502,91
503,308
504,151
505,216
506,162
507,679
508,296
509,136
510,682
511,638
512,380
513,515
514,170
515,1438
516,216
517,1398
518,259
519,386
520,366
521,1355
522,395
523,360
524,415
525,259
526,296
527,252
528,86
529,485
530,237
531,148
532,446
533,509
534,298
535,447
536,148
537,676
538,201
539,835
540,215
541,295
542,332
543,835
544,395
545,323
546,446
547,214
548,237
549,201
550,90
551,543
552,333
553,134
554,689
555,494
556,266
557,471
558,162
559,922
560,170
561,923
562,190
563,272
564,278
565,881
566,463
567,308
568,328
569,239
570,274
571,205
572,83
573,264
574,66
575,29
576,240
577,150
578,157
579,279
580,32
581,197
582,36
583,465
584,54
585,204
586,135
587,499
588,85
589,81
590,52
591,85
592,52
593,67
594,24
595,748
596,291
597,208
598,636
599,716
600,466
601,710
602,208
603,1066
604,203
605,1569
606,355
607,507
608,466
609,1334
610,464
611,461
612,347
613,547
614,307
615,397
616,197
617,464
618,219
619,171
620,367
621,411
622,336
623,529
624,161
625,758
626,170
627,898
628,271
629,396
630,354
631,1067
632,423
633,379
634,294
635,217
636,158
637,161
638,102
639,627
640,262
641,198
642,952
643,606
644,396
645,708
646,203
647,1353
648,258
649,1254
650,360
651,437
652,428
653,1279
654,473
655,436
656,374
657,473
658,258
659,360
660,226
661,704
662,336
663,128
664,705
665,611
666,507
667,496
668,128
669,1142
670,225
671,1233
672,266
673,411
674,435
675,1257
676,376
677,453
678,376
679,283
680,283
681,266
682,113
683,600
684,983
685,478
686,396
687,706
688,1496
689,2874
690,821
691,3960
692,4060
693,2069
694,945
695,2222
696,4156
697,1481
698,955
699,1420
700,626
701,983
702,490
703,988
704,868
705,1145
706,459
707,662
708,171
709,1081
710,695
711,1321
712,512
713,397
714,201
715,1679
716,684
717,1145
718,940
719,849
720,464
721,760
722,459
723,209
724,281
725,1243
726,220
727,308
728,149
729,82
730,92
731,229
732,162
733,276
734,83
735,157
736,48
737,458
738,83
739,245
740,286
741,334
742,76
743,157
744,92
745,40
746,113
747,134
748,32
749,297
750,141
751,141
752,584
753,485
754,308
755,793
756,285
757,2288
758,440
759,830
760,367
761,585
762,397
763,823
764,683
765,502
766,683
767,367
768,436
769,283
770,121
771,314
772,465
773,614
774,777
775,910
776,367
777,828
778,472
779,1677
780,448
781,777
782,425
783,1145
784,910
785,878
786,1212
787,777
788,465
789,828
790,588
791,657
792,529
793,189
794,279
795,221
796,116
797,551
798,345
799,456
800,223
801,1060
802,345
803,763
804,426
805,426
806,694
807,795
808,345
809,551
810,374
811,353
812,260
813,198
814,162
815,326
816,314
817,526
818,323
819,1120
820,536
821,2728
822,1346
823,4911
824,1022
825,2610
826,1346
827,2610
828,1139
829,1151
830,1365
831,1151
832,1233
833,1022
834,583
835,486
836,1088
837,488
838,628
839,557
840,810
841,802
842,810
843,1542
844,870
845,2766
846,546
847,1256
848,690
849,1447
850,1657
851,1433
852,1602
853,961
854,843
855,1103
856,429
857,690
858,840
859,204
860,280
861,221
862,251
863,371
864,377
865,626
866,321
867,2089
868,294
869,717
870,318
871,551
872,717
873,717
874,743
875,373
876,411
877,442
878,145
879,268
880,310
881,208
882,24
883,38
884,235
885,50
886,72
887,328
888,111
889,782
890,30
891,369
892,43
893,250
894,174
895,453
896,60
897,38
898,72
899,143
900,30
901,30
902,50
903,370
904,370
905,203
906,320
907,506
908,368
909,767
910,336
911,3715
912,390
913,775
914,402
915,771
916,506
917,976
918,759
919,580
920,656
921,543
922,222
923,235
924,290
925,464
926,169
927,297
928,490
929,503
930,442
931,902
932,490
933,2263
934,189
935,1091
936,332
937,761
938,777
939,1550
940,664
941,581
942,490
943,1091
944,219
945,336
946,592
947,232
948,48
949,36
950,235
951,159
952,94
953,158
954,32
955,277
956,15
957,162
958,36
959,110
960,94
961,85
962,94
963,92
964,78
965,66
966,85
967,71
968,40
969,281
970,182
971,132
972,57
973,353
974,691
975,691
976,236
977,675
978,132
979,1043
980,609
981,479
982,816
983,842
984,443
985,409
986,346
987,99
988,83
989,170
990,92
991,251
992,223
993,215
994,227
995,524
996,580
997,707
998,242
999,611
1000,215
1001,766
1002,471
1003,798
1004,891
1005,934
1006,564
1007,582
1008,471
1009,336
1010,237
1011,489
1012,278
1013,609
1014,222
1015,109
1016,292
1017,1066
1018,970
1019,1041
1020,280
1021,1455
1022,355
1023,1746
1024,660
1025,834
1026,1613
1027,1831
1028,620
1029,748
1030,620
1031,293
1032,484
1033,426
1034,127
1035,205
1036,602
1037,1210
1038,151
1039,1231
1040,753
1041,1835
1042,1767
1043,1112
1044,691
1045,1214
1046,594
1047,2662
1048,1739
1049,1112
1050,627
1051,987
1052,1027
1053,2096
1054,287
1055,1150
1056,1083
1057,747
1058,427
1059,396
1060,509
1061,756
1062,995
1063,1089
1064,435
1065,869
1066,325
1067,693
1068,955
1069,1089
1070,1089
1071,1469
1072,741
1073,851
1074,518
1075,333
1076,473
1077,505
1078,243
1079,292
1080,328
1081,89
1082,132
1083,461
1084,417
1085,714
1086,179
1087,708
1088,282
1089,1012
1090,369
1091,746
1092,698
1093,680
1094,381
1095,346
1096,388
1097,155
1098,245
1099,292
1100,103
1123,715
1124,352
1125,91
1126,210
1127,1023
1128,940
1129,721
1130,126
1131,1040
1132,384
1133,1007
1134,555
1135,639
1136,840
1137,1258
1138,677
1139,642
1140,745
1141,186
1142,576
1143,286
1144,131
1145,388
1146,373
1147,225
1148,462
1149,605
1150,288
1151,644
1152,224
1153,1048
1154,212
1155,596
1156,225
1157,549
1158,462
1159,472
1160,331
1161,402
1162,234
1163,339
1164,432
1165,256
1166,333
1167,509
1168,593
1169,382
1170,314
1171,1106
1172,1093
1173,1054
1174,627
1175,1251
1176,857
1177,1034
1178,867
1179,980
1180,1432
1181,942
1182,664
1183,1139
1184,857
1185,398
1186,895
1187,1227
1188,266
1189,138
1190,170
1191,246
1192,134
1193,247
1194,295
1195,516
1196,199
1197,138
1198,103
1199,229
1200,237
1201,368
1202,504
1203,195
1204,298
1205,631
1206,111
1207,188
1208,224
1209,531
1210,229
1211,310
1212,745
1213,791
1214,347
1215,1198
1216,790
1217,995
1218,1368
1219,939
1220,475
1221,1174
1222,650
1223,1875
1224,1198
1225,933
1226,585
1227,780
1228,475
1229,407
1230,1015
1231,995
1232,358
1233,822
1234,1124
1235,1321
1236,445
1237,1486
1238,1151
1239,1275
1240,918
1241,1262
1242,562
1243,1418
1244,896
1245,1535
1246,1618
1247,1418
1248,876
1249,1301
1250,841
1251,421
1252,1286
1253,1438
1254,413
1255,64
1256,855
1257,73
1258,394
1259,464
1260,165
1261,457
1262,163
1263,918
1264,56
1265,779
1266,90
1267,896
1268,805
1269,424
1270,409
1271,316
1272,163
1273,291
1274,896
1275,267
1276,83
1277,198
1278,251
1279,243
1280,173
1281,692
1282,409
1283,477
1284,250
1285,422
1286,285
1287,706
1288,251
1289,726
1290,716
1291,398
1292,106
1293,386
1294,175
1295,76
1296,1558
1297,731
1298,49
1299,2087
1300,215
1301,215
1302,127
1303,1362
1304,1050
1305,1073
1306,386
1307,852
1308,355
1309,1231
1310,843
1311,915
1312,1183
1313,1050
1314,806
1315,1073
1316,312
1317,157
1318,215
1319,427
1320,86
1321,172
1322,129
1323,102
1324,104
1325,280
1326,226
1327,186
1328,57
1329,581
1330,226
1331,433
1332,129
1333,149
1334,186
1335,406
1336,288
1337,335
1338,143
1339,136
1340,149
1341,327
1342,85
1343,191
1344,193
1345,132
1346,190
1347,201
1348,144
1349,217
1350,144
1351,1608
1352,207
1353,383
1354,132
1355,203
1356,207
1357,395
1358,218
1359,207
1360,191
1361,383
1362,116
1363,193
1364,201
1365,251
1366,225
1367,214
1368,204
1369,338
1370,338
1371,716
1372,251
1373,4224
1374,338
1375,926
1376,243
1377,553
1378,282
1379,853
1380,598
1381,338
1382,763
1383,977
1384,214
1385,253
1386,430
1387,125
1388,187
1389,136
1390,192
1391,212
1392,98
1393,202
1394,116
1395,693
1396,136
1397,208
1398,80
1399,192
1400,162
1401,208
1402,149
1403,127
1404,80
1405,283
1406,116
1407,160
1408,187
1409,141
1410,191
1411,124
1412,116
1413,299
1414,161
1415,236
1416,158
1417,1656
1418,220
1419,495
1420,205
1421,237
1422,299
1423,1219
1424,350
1425,328
1426,400
1427,350
1428,123
1429,176
1430,164
1431,252
1432,3289
1433,450
1434,233
1435,1632
1436,1263
1437,2922
1438,1251
1439,1263
1440,1188
1441,1125
1442,840
1443,2922
1444,2922
1445,1263
1446,1263
1447,1251
1448,386
1449,1632
1450,269
1451,1125
1452,490
1453,303
1454,337
1455,389
1456,106
1457,788
1458,926
1459,1114
1460,439
1461,2951
1462,396
1463,864
1464,568
1465,1459
1466,1644
1467,880
1468,929
1469,708
1470,222
1471,238
1472,439
1473,409
1474,337
1475,546
1476,214
1477,115
1478,576
1479,228
1480,234
1481,564
1482,216
1483,519
1484,92
1485,555
1486,132
1487,343
1488,473
1489,629
1490,215
1491,132
1492,136
1493,234
1494,125
1495,215
1496,143
1497,284
1498,118
1499,61
1500,109
1501,220
1502,290
1503,209
1504,91
1505,257
1506,118
1507,570
1508,204
1509,195
1510,256
1511,461
1512,226
1513,226
1514,148
1515,85
1516,118
1517,165
1518,62
1519,605
1520,240
1521,245
1522,278
1523,628
1524,721
1525,651
1526,278
1527,653
1528,240
1529,564
1530,605
1531,761
1532,661
1533,564
1534,661
1535,653
1536,318
1537,240
1538,345
1539,256
1540,210
1541,892
1542,241
1543,220
1544,93
1545,859
1546,1121
1547,1326
1548,481
1549,892
1550,456
1551,1326
1552,1010
1553,1010
1554,1326
1555,1387
1556,835
1557,892
1558,650
1559,328
1560,272
1561,341
1562,161
1563,180
1564,214
1565,216
1566,216
1567,661
1568,593
1569,728
1570,589
1571,491
1572,558
1573,661
1574,442
1575,607
1576,754
1577,754
1578,513
1579,661
1580,442
1581,242
1582,466
1583,466
1584,163
1585,59
1586,303
1587,214
1588,60
1589,615
1590,297
1591,693
1592,492
1593,667
1594,348
1595,297
1596,370
1597,945
1598,783
1599,499
1600,348
1601,499
1602,208
1603,385
1604,301
1605,653
1606,229
1607,153
1608,534
1609,400
1610,120
1611,570
1612,595
1613,811
1614,534
1615,810
1616,400
1617,540
1618,694
1619,862
1620,977
1621,540
1622,668
1623,694
1624,381
1625,235
1626,392
1627,412
1628,392
1629,361
1630,1276
1631,584
1632,334
1633,1313
1634,1543
1635,1205
1636,724
1637,1205
1638,497
1639,1205
1640,1438
1641,1313
1642,1205
1643,1313
1644,1314
1645,1543
1646,519
1647,973
1648,591
1649,973
1650,417
1651,380
1652,298
1653,295
1654,412
1655,409
1656,568
1657,708
1658,364
1659,359
1660,161
1661,636
1662,236
1663,685
1664,664
1665,449
1666,230
1667,375
1668,208
1669,165
1670,236
1671,359
1672,114
1673,105
1674,865
1675,679
1676,297
1677,1605
1678,433
1679,1350
1680,1036
1681,1119
1682,364
1683,433
1684,364
1685,1350
1686,1119
1687,433
1688,475
1689,865
1690,452
1691,932
1692,266
1693,509
1694,925
1695,2210
1696,584
1697,578
1698,475
1699,2210
1700,2210
1701,704
1702,1183
1703,442
1704,578
1705,704
1706,904
1707,704
1708,704
1709,2292
1710,396
1711,2292
1712,1183
1713,677
1714,874
1715,1300
1716,219
1717,283
1718,674
1719,751
1720,237
1721,923
1722,751
1723,2243
1724,2243
1725,408
1726,317
1727,903
1728,379
1729,2243
1730,2243
1731,416
1732,325
1733,312
1734,409
1735,944
1736,325
1737,985
1738,416
1739,206
1740,205
1741,269
1742,683
1743,755
1744,403
1745,685
1746,206
1747,667
1748,219
1749,728
1750,205
1751,667
1752,667
1753,535
1754,364
1755,325
1756,207
1757,447
1758,228
1759,269
1760,447
1761,209
1762,193
1763,112
1764,139
1765,198
1766,228
1767,435
1768,110
1769,228
1770,146
1771,457
1772,204
1773,204
1774,198
1775,446
1776,200
1777,209
1778,165
1779,143
1780,159
1781,138
1782,138
1783,430
1784,501
1785,501
1786,340
1787,1440
1788,1354
1789,1440
1790,431
1791,785
1792,334
1793,1070
1794,389
1795,1070
1796,1070
1797,1440
1798,497
1799,497
1800,372
1801,441
1802,401
1803,505
1804,334
1805,477
1806,225
1807,200
1808,357
1809,533
1810,533
1811,709
1812,178
1813,511
1814,173
1815,635
1816,247
1817,687
1818,588
1819,635
1820,242
1821,276
1822,239
1823,225
1824,108
1825,276
1826,200
1827,61
1828,73
1829,73
1830,65
1831,154
1832,312
1833,437
1834,212
1835,116
1836,125
1837,194
1838,101
1839,437
1840,232
1841,98
1842,162
1843,158
1844,62
1845,162
1846,98
1847,137
1848,105
1849,345
1850,159
1851,94
1852,345
1853,329
1854,196
1855,237
1856,108
1857,835
1858,139
1859,868
1860,142
1861,204
1862,193
1863,840
1864,205
1865,194
1866,210
1867,142
1868,159
1869,146
1870,62
1871,210
1872,136
1873,90
1874,201
1875,218
1876,150
1877,201
1878,90
1879,319
1880,119
1881,348
1882,127
1883,150
1884,170
1885,348
1886,195
1887,178
1888,201
1889,117
1890,136
1891,119
1892,56
1893,303
1894,182
1895,94
1896,401
1897,241
1898,151
1899,244
1900,108
1901,509
1902,109
1903,509
1904,127
1905,151
1906,160
1907,528
1908,224
1909,168
1910,185
1911,147
1912,151
1913,129
1914,63
1915,152
1916,39
1917,22
1918,148
1919,102
1920,104
1921,159
1922,23
1923,130
1924,26
1925,168
1926,32
1927,132
1928,97
1929,164
1930,64
1931,59
1932,32
1933,64
1934,32
1935,39
1936,18
1937,387
1938,160
1939,127
1940,336
1941,383
1942,235
1943,383
1944,127
1945,652
1946,126
1947,1025
1948,192
1949,239
1950,235
1951,777
1952,214
1953,214
1954,190
1955,314
1956,162
1957,205
1958,125
1959,233
1960,136
1961,107
1962,192
1963,208
1964,187
1965,233
1966,105
1967,388
1968,107
1969,451
1970,149
1971,204
1972,192
1973,432
1974,202
1975,194
1976,158
1977,137
1978,101
1979,105
1980,68
1981,341
1982,148
1983,124
1984,468
1985,315
1986,203
1987,389
1988,126
1989,631
1990,140
1991,601
1992,191
1993,209
1994,201
1995,591
1996,224
1997,209
1998,191
1999,224
2000,140
2001,191
2002,132
2003,369
2004,187
2005,89
2006,369
2007,312
2008,237
2009,221
2010,89
2011,701
2012,136
2013,733
2014,149
2015,208
2016,210
2017,758
2018,192
2019,208
2020,192
2021,157
2022,157
2023,149
2024,80
2025,349
2026,438
2027,259
2028,268
2029,438
2030,729
2031,1130
2032,347
2033,2456
2034,2456
2035,1335
2036,431
2037,1573
2038,2456
2039,771
2040,431
2041,643
2042,383
2043,438
2044,262
2045,456
2046,389
2047,532
2048,188
2049,322
2050,100
2051,492
2052,345
2053,599
2054,222
2055,193
2056,116
2057,723
2058,326
2059,532
2060,451
2061,379
2062,219
2063,379
2064,188
2065,115
2066,148
2067,552
2068,127
2069,150
2070,89
2071,52
2072,55
2073,134
2074,96
2075,150
2076,52
2077,92
2078,26
2079,139
2080,52
2081,140
2082,156
2083,168
2084,50
2085,92
2086,55
2087,22
2088,72
2089,84
2090,21
2091,158
2092,94
2093,94
2094,304
2095,222
2096,162
2097,356
2098,164
2099,1153
2100,210
2101,411
2102,192
2103,304
2104,204
2105,374
2106,343
2107,238
2108,343
2109,192
2110,210
2111,164
2112,82
2113,163
2114,219
2115,305
2116,375
2117,408
2118,183
2119,396
2120,217
2121,854
2122,194
2123,375
2124,191
2125,551
2126,408
2127,404
2128,549
2129,375
2130,219
2131,396
2132,279
2133,322
2134,224
2135,125
2136,157
2137,136
2138,77
2139,332
2140,194
2141,210
2142,136
2143,561
2144,194
2145,431
2146,206
2147,206
2148,406
2149,397
2150,194
2151,332
2152,195
2153,196
2154,141
2155,125
2156,105
2157,202
2158,204
2159,249
2160,210
2161,589
2162,284
2163,1040
2164,816
2165,3933
2166,567
2167,1106
2168,816
2169,1106
2170,615
2171,623
2172,882
2173,623
2174,760
2175,567
2176,312
2177,246
2178,543
2179,214
2180,321
2181,293
2182,390
2183,390
2184,390
2185,864
2186,410
2187,1519
2188,252
2189,632
2190,353
2191,619
2192,769
2193,619
2194,822
2195,450
2196,390
2197,530
2198,199
2199,353
2200,390
2201,127
2202,163
2203,142
2204,150
2205,193
2206,193
2207,331
2208,191
2209,1237
2210,163
2211,386
2212,178
2213,300
2214,386
2215,386
2216,389
2217,193
2218,212
2219,212
2220,106
2221,155
2222,168
2223,117
2224,16
2225,24
2226,127
2227,31
2228,48
2229,171
2230,70
2231,366
2232,20
2233,182
2234,26
2235,135
2236,107
2237,194
2238,32
2239,24
2240,48
2241,90
2242,20
2243,20
2244,31
2245,183
2246,183
2247,115
2248,175
2249,223
2250,183
2251,389
2252,175
2253,2278
2254,192
2255,374
2256,201
2257,389
2258,223
2259,430
2260,382
2261,285
2262,322
2263,247
2264,127
2265,127
2266,151
2267,226
2268,106
2269,153
2270,213
2271,230
2272,204
2273,446
2274,213
2275,1172
2276,110
2277,565
2278,170
2279,401
2280,394
2281,738
2282,345
2283,289
2284,213
2285,565
2286,131
2287,183
2288,289
2289,127
2290,27
2291,24
2292,127
2293,92
2294,58
2295,92
2296,22
2297,145
2298,11
2299,97
2300,24
2301,70
2302,58
2303,57
2304,58
2305,55
2306,46
2307,38
2308,57
2309,49
2310,22
2311,152
2312,114
2313,91
2314,35
2315,185
2316,349
2317,349
2318,131
2319,327
2320,91
2321,470
2322,298
2323,213
2324,339
2325,359
2326,203
2327,203
2328,185
2329,67
2330,55
2331,106
2332,61
2333,117
2334,109
2335,110
2336,107
2337,181
2338,226
2339,286
2340,114
2341,234
2342,110
2343,324
2344,190
2345,284
2346,425
2347,455
2348,226
2349,226
2350,190
2351,152
2352,118
2353,180
2354,129
2355,247
2356,101
2357,61
2358,125
2359,477
2360,375
2361,423
2362,122
2363,672
2364,150
2365,831
2366,282
2367,356
2368,727
2369,740
2370,244
2371,326
2372,244
2373,113
2374,170
2375,155
2376,76
2377,138
2378,436
2379,674
2380,117
2381,700
2382,419
2383,967
2384,1035
2385,514
2386,490
2387,674
2388,430
2389,1500
2390,1035
2391,514
2392,462
2393,392
2394,442
2395,1286
2396,172
2397,663
2398,498
2399,316
2400,161
2401,163
2402,195
2403,329
2404,339
2405,413
2406,168
2407,345
2408,145
2409,297
2410,379
2411,413
2412,413
2413,588
2414,316
2415,329
2416,171
2417,135
2418,189
2419,195
2420,111
2421,159
2422,177
2423,65
2424,92
2425,204
2426,207
2427,383
2428,114
2429,383
2430,157
2431,499
2432,191
2433,377
2434,367
2435,351
2436,201
2437,190
2438,201
2439,98
2440,143
2441,159
2442,73
2465,373
2466,190
2467,61
2468,123
2469,655
2470,474
2471,376
2472,89
2473,686
2474,202
2475,644
2476,303
2477,325
2478,396
2479,745
2480,341
2481,332
2482,374
2483,118
2484,295
2485,163
2486,92
2487,202
2488,191
2489,136
2490,209
2491,305
2492,163
2493,338
2494,136
2495,543
2496,127
2497,305
2498,136
2499,301
2500,209
2501,224
2502,175
2503,211
2504,136
2505,186
2506,209
2507,140
2508,175
2509,204
2510,264
2511,204
2512,172
2513,510
2514,510
2515,506
2516,308
2517,607
2518,369
2519,452
2520,385
2521,415
2522,595
2523,405
2524,317
2525,513
2526,369
2527,205
2528,398
2529,563
2530,148
2531,77
2532,93
2533,126
2534,79
2535,132
2536,143
2537,204
2538,111
2539,77
2540,62
2541,122
2542,129
2543,175
2544,217
2545,111
2546,143
2547,265
2548,66
2549,106
2550,119
2551,199
2552,122
2553,145
2554,351
2555,361
2556,173
2557,573
2558,361
2559,400
2560,556
2561,428
2562,206
2563,582
2564,313
2565,945
2566,573
2567,428
2568,271
2569,361
2570,206
2571,193
2572,436
2573,400
2574,173
2575,370
2576,503
2577,597
2578,173
2579,638
2580,481
2581,542
2582,372
2583,544
2584,264
2585,519
2586,409
2587,840
2588,725
2589,519
2590,405
2591,603
2592,360
2593,170
2594,542
2595,519
2596,195
2597,56
2598,454
2599,68
2600,261
2601,315
2602,139
2603,276
2604,141
2605,495
2606,50
2607,486
2608,81
2609,496
2610,504
2611,260
2612,269
2613,207
2614,141
2615,194
2616,496
2617,174
2618,72
2619,126
2620,144
2621,144
2622,116
2623,373
2624,211
2625,217
2626,144
2627,202
2628,163
2629,368
2630,144
2631,386
2632,383
2633,203
2634,74
2635,202
2636,116
2637,52
2638,329
2639,386
2640,28
2641,916
2642,128
2643,128
2644,89
2645,615
2646,469
2647,469
2648,192
2649,348
2650,186
2651,511
2652,348
2653,360
2654,515
2655,469
2656,342
2657,469
2658,161
2659,107
2660,128
2661,169
2662,55
2663,102
2664,80
2665,57
2666,62
2667,138
2668,117
2669,104
2670,28
2671,248
2672,117
2673,178
2674,80
2675,85
2676,104
2677,179
2678,144
2679,169
2680,85
2681,80
2682,85
2683,159
2684,52
2685,294
2686,294
2687,203
2688,294
2689,304
2690,213
2691,318
2692,213
2693,2004
2694,302
2695,547
2696,203
2697,304
2698,302
2699,583
2700,318
2701,302
2702,294
2703,547
2704,173
2705,294
2706,304
2707,449
2708,419
2709,363
2710,410
2711,620
2712,620
2713,1118
2714,449
2715,9292
2716,620
2717,1631
2718,449
2719,1001
2720,516
2721,1447
2722,1023
2723,620
2724,1201
2725,1612
2726,363
2727,449
2728,777
2729,193
2730,297
2731,210
2732,302
2733,314
2734,162
2735,313
2736,178
2737,987
2738,210
2739,310
2740,139
2741,302
2742,253
2743,310
2744,239
2745,205
2746,139
2747,440
2748,178
2749,242
2750,297
2751,249
2752,333
2753,230
2754,220
2755,475
2756,298
2757,395
2758,281
2759,2739
2760,380
2761,749
2762,340
2763,395
2764,475
2765,2068
2766,558
2767,519
2768,615
2769,558
2770,230
2771,306
2772,298
2773,363
2774,2789
2775,748
2776,335
2777,1777
2778,1582
2779,2732
2780,1582
2781,1582
2782,1432
2783,1286
2784,1042
2785,2732
2786,2732
2787,1582
2788,1582
2789,1582
2790,599
2791,1777
2792,407
2793,1286
2794,831
2795,525
2796,600
2797,687
2798,216
2799,1222
2800,1598
2801,1840
2802,755
2803,4430
2804,684
2805,1432
2806,990
2807,2605
2808,2990
2809,1585
2810,1598
2811,1102
2812,388
2813,418
2814,755
2815,728
2816,600
2817,819
2818,338
2819,194
2820,883
2821,377
2822,377
2823,883
2824,347
2825,772
2826,166
2827,883
2828,232
2829,573
2830,746
2831,917
2832,338
2833,232
2834,235
2835,377
2836,208
2837,338
2838,244
2839,395
2840,182
2841,106
2842,169
2843,340
2844,404
2845,306
2846,144
2847,392
2848,182
2849,747
2850,300
2851,292
2852,392
2853,678
2854,342
2855,342
2856,233
2857,138
2858,182
2859,250
2860,110
2861,878
2862,404
2863,402
2864,464
2865,880
2866,945
2867,906
2868,464
2869,906
2870,404
2871,883
2872,878
2873,1025
2874,906
2875,883
2876,906
2877,906
2878,514
2879,404
2880,559
2881,429
2882,336
2883,1548
2884,444
2885,394
2886,213
2887,1376
2888,1767
2889,2154
2890,1010
2891,1548
2892,942
2893,2154
2894,1736
2895,1736
2896,2154
2897,2055
2898,1216
2899,1548
2900,1064
2901,597
2902,491
2903,666
2904,307
2905,292
2906,325
2907,334
2908,334
2909,801
2910,773
2911,840
2912,773
2913,739
2914,761
2915,801
2916,698
2917,776
2918,917
2919,917
2920,760
2921,801
2922,698
2923,392
2924,735
2925,735
2926,272
2927,94
2928,437
2929,296
2930,96
2931,820
2932,425
2933,868
2934,703
2935,849
2936,510
2937,425
2938,526
2939,1089
2940,888
2941,703
2942,510
2943,703
2944,289
2945,531
2946,437
2947,847
2948,332
2949,240
2950,742
2951,584
2952,189
2953,758
2954,758
2955,970
2956,742
2957,970
2958,584
2959,742
2960,822
2961,1052
2962,1174
2963,742
2964,796
2965,822
2966,542
2967,347
2968,584
2969,618
2970,584
2971,557
2972,1572
2973,925
2974,541
2975,1578
2976,1660
2977,1489
2978,948
2979,1489
2980,816
2981,1489
2982,1649
2983,1578
2984,1489
2985,1578
2986,1578
2987,1660
2988,876
2989,1271
2990,925
2991,1271
2992,667
2993,552
2994,453
2995,453
2996,629
2997,592
2998,817
2999,937
3000,541
3001,541
3002,255
3003,884
3004,358
3005,931
3006,897
3007,684
3008,358
3009,552
3010,327
3011,271
3012,358
3013,541
3014,185
3015,203
3016,1426
3017,1139
3018,510
3019,2879
3020,785
3021,2460
3022,1778
3023,1860
3024,652
3025,785
3026,652
3027,2460
3028,1860
3029,785
3030,874
3031,1426
3032,836
3033,1610
3034,477
3035,902
3036,1542
3037,2752
3038,1328
3039,1468
3040,1204
3041,2752
3042,2752
3043,1316
3044,1772
3045,1077
3046,1468
3047,1316
3048,1726
3049,1316
3050,1316
3051,3200
3052,949
3053,3200
3054,1772
3055,1354
3056,1754
3057,2022
3058,710
3059,495
3060,1041
3061,1077
3062,418
3063,1408
3064,1077
3065,2931
3066,2931
3067,675
3068,554
3069,1451
3070,634
3071,2931
3072,2931
3073,721
3074,565
3075,559
3076,721
3077,1433
3078,565
3079,1535
3080,721
3081,333
3082,337
3083,432
3084,910
3085,1105
3086,597
3087,910
3088,333
3089,879
3090,362
3091,1047
3092,337
3093,879
3094,879
3095,786
3096,546
3097,512
3098,333
3099,698
3100,365
3101,432
3102,698
3103,323
3104,307
3105,181
3106,219
3107,327
3108,354
3109,676
3110,177
3111,354
3112,245
3113,716
3114,327
3115,327
3116,327
3117,703
3118,327
3119,323
3120,263
3121,226
3122,248
3123,219
3124,219
3125,823
3126,920
3127,920
3128,656
3129,2436
3130,2411
3131,2436
3132,823
3133,1248
3134,624
3135,1713
3136,749
3137,1713
3138,1713
3139,2436
3140,911
3141,911
3142,702
3143,849
3144,751
3145,920
3146,624
3147,893
3148,402
3149,388
3150,665
3151,964
3152,964
3153,1070
3154,339
3155,915
3156,335
3157,1029
3158,434
3159,1075
3160,977
3161,1029
3162,436
3163,488
3164,424
3165,402
3166,229
3167,488
3168,388
3169,102
3170,123
3171,123
3172,107
3173,230
3174,475
3175,652
3176,304
3177,169
3178,184
3179,293
3180,153
3181,652
3182,344
3183,153
3184,243
3185,232
3186,106
3187,243
3188,153
3189,201
3190,161
3191,533
3192,244
3193,160
3194,533
3195,496
3196,305
3197,369
3198,178
3199,1243
3200,215
3201,1374
3202,222
3203,312
3204,304
3205,1291
3206,312
3207,304
3208,316
3209,222
3210,244
3211,242
3212,118
3213,303
3214,202
3215,142
3216,301
3217,313
3218,231
3219,301
3220,142
3221,453
3222,179
3223,485
3224,197
3225,231
3226,252
3227,485
3228,290
3229,261
3230,301
3231,179
3232,202
3233,179
3234,99
3235,458
3236,273
3237,157
3238,591
3239,378
3240,239
3241,378
3242,170
3243,719
3244,175
3245,719
3246,205
3247,239
3248,242
3249,745
3250,348
3251,256
3252,286
3253,239
3254,239
3255,205
3256,116
3257,227
3258,66
3259,46
3260,227
3261,156
3262,165
3263,230
3264,46
3265,198
3266,50
3267,245
3268,58
3269,198
3270,152
3271,245
3272,104
3273,96
3274,58
3275,104
3276,58
3277,66
3278,41
3279,552
3280,243
3281,204
3282,515
3283,558
3284,354
3285,558
3286,204
3287,957
3288,204
3289,1640
3290,303
3291,367
3292,354
3293,1108
3294,315
3295,315
3296,303
3297,485
3298,254
3299,311
3300,204
3301,353
3302,210
3303,170
3304,302
3305,310
3306,297
3307,353
3308,170
3309,554
3310,170
3311,708
3312,239
3313,310
3314,302
3315,662
3316,313
3317,302
3318,242
3319,210
3320,162
3321,170
3322,119
3323,513
3324,232
3325,188
3326,739
3327,476
3328,304
3329,583
3330,200
3331,855
3332,208
3333,838
3334,294
3335,302
3336,304
3337,808
3338,343
3339,302
3340,294
3341,343
3342,208
3343,294
3344,203
3345,565
3346,317
3347,164
3348,565
3349,504
3350,386
3351,368
3352,164
3353,1110
3354,230
3355,1117
3356,259
3357,330
3358,333
3359,1170
3360,322
3361,330
3362,322
3363,262
3364,262
3365,259
3366,153
3367,497
3368,570
3369,357
3370,375
3371,570
3372,708
3373,1312
3374,497
3375,3515
3376,3515
3377,1560
3378,572
3379,1981
3380,3515
3381,754
3382,572
3383,658
3384,530
3385,570
3386,379
3387,598
3388,565
3389,759
3390,314
3391,507
3392,167
3393,733
3394,541
3395,902
3396,351
3397,316
3398,186
3399,1017
3400,499
3401,759
3402,709
3403,559
3404,351
3405,559
3406,314
3407,186
3408,258
3409,866
3410,220
3411,226
3412,143
3413,87
3414,97
3415,197
3416,151
3417,226
3418,87
3419,144
3420,50
3421,202
3422,87
3423,202
3424,226
3425,244
3426,87
3427,144
3428,97
3429,46
3430,116
3431,137
3432,41
3433,242
3434,157
3435,157
3436,462
3437,348
3438,253
3439,540
3440,253
3441,1674
3442,314
3443,634
3444,302
3445,462
3446,310
3447,550
3448,532
3449,366
3450,532
3451,302
3452,314
3453,253
3454,139
3455,274
3456,351
3457,478
3458,559
3459,596
3460,302
3461,601
3462,327
3463,1228
3464,316
3465,559
3466,316
3467,849
3468,596
3469,599
3470,849
3471,559
3472,351
3473,601
3474,445
3475,507
3476,351
3477,188
3478,237
3479,205
3480,128
3481,490
3482,297
3483,309
3484,205
3485,830
3486,297
3487,655
3488,305
3489,305
3490,580
3491,583
3492,297
3493,490
3494,298
3495,298
3496,210
3497,188
3498,165
3499,392
3500,389
3501,423
3502,340
3503,906
3504,494
3505,1671
3506,1119
3507,6465
3508,931
3509,1699
3510,1119
3511,1699
3512,922
3513,914
3514,1446
3515,914
3516,1073
3517,931
3518,557
3519,423
3520,922
3521,320
3522,510
3523,458
3524,602
3525,602
3526,602
3527,1300
3528,645
3529,2160
3530,387
3531,938
3532,549
3533,904
3534,1094
3535,904
3536,1176
3537,713
3538,602
3539,762
3540,340
3541,549
3542,602
3543,239
3544,290
3545,251
3546,276
3547,332
3548,332
3549,521
3550,332
3551,2008
3552,290
3553,577
3554,304
3555,485
3556,577
3557,577
3558,614
3559,332
3560,344
3561,344
3562,196
3563,276
3564,294
3565,178
3566,34
3567,46
3568,192
3569,56
3570,81
3571,245
3572,114
3573,493
3574,40
3575,256
3576,50
3577,195
3578,162
3579,284
3580,58
3581,46
3582,81
3583,141
3584,40
3585,40
3586,56
3587,287
3588,287
3589,187
3590,287
3591,352
3592,287
3593,602
3594,287
3595,3463
3596,317
3597,560
3598,338
3599,602
3600,352
3601,672
3602,569
3603,446
3604,508
3605,384
3606,221
3607,221
3608,259
3609,368
3610,182
3611,264
3612,331
3613,367
3614,325
3615,700
3616,331
3617,1979
3618,187
3619,872
3620,291
3621,602
3622,602
3623,1151
3624,545
3625,450
3626,331
3627,872
3628,231
3629,304
3630,450
3631,193
3632,50
3633,46
3634,193
3635,143
3636,96
3637,143
3638,46
3639,225
3640,26
3641,149
3642,46
3643,115
3644,96
3645,96
3646,96
3647,96
3648,82
3649,66
3650,96
3651,82
3652,46
3653,229
3654,174
3655,146
3656,69
3657,276
3658,513
3659,513
3660,204
3661,476
3662,146
3663,722
3664,432
3665,299
3666,500
3667,520
3668,295
3669,299
3670,276
3671,112
3672,102
3673,166
3674,107
3675,170
3676,157
3677,157
3678,152
3679,241
3680,317
3681,378
3682,160
3683,320
3684,157
3685,428
3686,269
3687,378
3688,587
3689,637
3690,317
3691,317
3692,269
3693,221
3694,170
3695,241
3696,190
3697,337
3698,149
3699,108
3700,190
3701,612
3702,494
3703,586
3704,190
3705,762
3706,242
3707,915
3708,398
3709,486
3710,773
3711,778
3712,337
3713,443
3714,337
3715,168
3716,263
3717,242
3718,125
3719,188
3720,625
3721,834
3722,164
3723,841
3724,627
3725,1042
3726,1178
3727,716
3728,688
3729,834
3730,627
3731,1928
3732,1178
3733,716
3734,673
3735,554
3736,652
3737,1654
3738,250
3739,808
3740,688
3741,452
3742,244
3743,256
3744,297
3745,453
3746,476
3747,594
3748,260
3749,494
3750,234
3751,414
3752,509
3753,594
3754,594
3755,701
3756,452
3757,453
3758,263
3759,205
3760,298
3761,297
3762,163
3763,235
3764,262
3765,114
3766,145
3767,301
3768,302
3769,547
3770,173
3771,547
3772,235
3773,740
3774,294
3775,537
3776,537
3777,520
3778,304
3779,294
3780,304
3781,156
3782,213
3783,235
3784,128
3807,549
3808,303
3809,116
3810,194
3811,1009
3812,723
3813,549
3814,151
3815,1053
3816,316
3817,1005
3818,461
3819,497
3820,595
3821,1082
3822,525
3823,498
3824,549
3825,189
3826,450
3827,253
3828,152
3829,306
3830,293
3831,203
3832,301
3833,449
3834,246
3835,506
3836,203
3837,767
3838,200
3839,449
3840,203
3841,449
3842,301
3843,343
3844,262
3845,309
3846,203
3847,277
3848,301
3849,208
3850,262
3851,296
3852,398
3853,296
3854,240
3855,611
3856,611
3857,593
3858,444
3859,639
3860,520
3861,564
3862,527
3863,553
3864,628
3865,561
3866,459
3867,611
3868,520
3869,296
3870,564
3871,628
3872,219
3873,105
3874,119
3875,167
3876,111
3877,170
3878,180
3879,246
3880,143
3881,105
3882,93
3883,156
3884,170
3885,224
3886,250
3887,143
3888,180
3889,338
3890,94
3891,138
3892,151
3893,245
3894,156
3895,228
3896,513
3897,519
3898,283
3899,780
3900,519
3901,570
3902,779
3903,638
3904,326
3905,780
3906,472
3907,1329
3908,780
3909,638
3910,417
3911,519
3912,326
3913,309
3914,637
3915,570
3916,283
3917,523
3918,599
3919,641
3920,264
3921,660
3922,590
3923,624
3924,523
3925,624
3926,411
3927,618
3928,564
3929,798
3930,702
3931,618
3932,564
3933,641
3934,511
3935,255
3936,624
3937,618
3938,302
3939,79
3940,648
3941,90
3942,372
3943,434
3944,179
3945,377
3946,182
3947,670
3948,70
3949,670
3950,108
3951,670
3952,679
3953,353
3954,368
3955,267
3956,182
3957,257
3958,670
3959,242
3960,98
3961,186
3962,197
3963,197
3964,159
3965,419
3966,290
3967,299
3968,197
3969,291
3970,230
3971,419
3972,197
3973,427
3974,429
3975,291
3976,119
3977,291
3978,159
3979,88
3980,364
3981,427
3982,52
3983,905
3984,198
3985,198
3986,133
3987,670
3988,585
3989,585
3990,302
3991,510
3992,283
3993,617
3994,510
3995,510
3996,617
3997,585
3998,503
3999,585
4000,240
4001,154
4002,198
4003,255
4004,95
4005,143
4006,119
4007,91
4008,96
4009,188
4010,168
4011,151
4012,52
4013,347
4014,168
4015,242
4016,119
4017,124
4018,151
4019,242
4020,195
4021,230
4022,124
4023,119
4024,124
4025,217
4026,81
4027,271
4028,271
4029,189
4030,271
4031,281
4032,193
4033,297
4034,193
4035,1778
4036,281
4037,539
4038,189
4039,281
4040,281
4041,534
4042,297
4043,281
4044,271
4045,539
4046,167
4047,271
4048,281
4049,431
4050,414
4051,354
4052,404
4053,576
4054,576
4055,1090
4056,431
4057,8195
4058,576
4059,1457
4060,431
4061,941
4062,509
4063,1466
4064,921
4065,576
4066,1109
4067,1457
4068,354
4069,431
4070,741
4071,192
4072,278
4073,200
4074,287
4075,304
4076,161
4077,304
4078,174
4079,922
4080,200
4081,291
4082,131
4083,287
4084,240
4085,291
4086,237
4087,197
4088,131
4089,409
4090,174
4091,240
4092,278
4093,248
4094,325
4095,234
4096,231
4097,468
4098,286
4099,391
4100,281
4101,2682
4102,367
4103,711
4104,340
4105,391
4106,468
4107,2104
4108,570
4109,520
4110,620
4111,570
4112,234
4113,300
4114,286
4115,226
4116,2283
4117,562
4118,164
4119,1535
4120,1268
4121,2283
4122,1268
4123,1268
4124,1229
4125,1048
4126,825
4127,2283
4128,2283
4129,1268
4130,1268
4131,1268
4132,477
4133,1535
4134,265
4135,1048
4136,628
4137,518
4138,601
4139,702
4140,222
4141,1160
4142,1547
4143,1827
4144,748
4145,4305
4146,702
4147,1581
4148,995
4149,3126
4150,2922
4151,1474
4152,1547
4153,1139
4154,377
4155,413
4156,748
4157,708
4158,601
4159,774
4160,333
4161,196
4162,864
4163,361
4164,361
4165,864
4166,340
4167,730
4168,166
4169,864
4170,229
4171,589
4172,700
4173,853
4174,333
4175,229
4176,229
4177,361
4178,201
4179,333
4180,243
4181,382
4182,177
4183,108
4184,165
4185,328
4186,384
4187,295
4188,141
4189,382
4190,177
4191,724
4192,291
4193,282
4194,382
4195,655
4196,328
4197,328
4198,228
4199,134
4200,177
4201,242
4202,112
4203,884
4204,389
4205,389
4206,448
4207,884
4208,909
4209,885
4210,448
4211,885
4212,389
4213,884
4214,884
4215,982
4216,885
4217,884
4218,885
4219,885
4220,513
4221,389
4222,563
4223,417
4224,345
4225,1799
4226,568
4227,518
4228,275
4229,1763
4230,2183
4231,2519
4232,1289
4233,1799
4234,1132
4235,2519
4236,2183
4237,2183
4238,2519
4239,2499
4240,1476
4241,1799
4242,1338
4243,734
4244,604
4245,795
4246,377
4247,301
4248,334
4249,334
4250,334
4251,866
4252,782
4253,861
4254,782
4255,745
4256,802
4257,866
4258,711
4259,782
4260,905
4261,905
4262,802
4263,866
4264,711
4265,400
4266,745
4267,745
4268,290
4269,97
4270,427
4271,284
4272,97
4273,814
4274,424
4275,833
4276,707
4277,813
4278,527
4279,424
4280,525
4281,1063
4282,879
4283,707
4284,527
4285,707
4286,278
4287,525
4288,427
4289,814
4290,318
4291,231
4292,682
4293,544
4294,176
4295,721
4296,721
4297,908
4298,682
4299,908
4300,544
4301,682
4302,765
4303,1032
4304,1118
4305,682
4306,786
4307,765
4308,506
4309,321
4310,544
4311,600
4312,544
4313,684
4314,1814
4315,1062
4316,661
4317,1814
4318,2049
4319,1778
4320,1094
4321,1778
4322,985
4323,1778
4324,2049
4325,1814
4326,1778
4327,1814
4328,1814
4329,2049
4330,1090
4331,1584
4332,1062
4333,1584
4334,780
4335,541
4336,416
4337,416
4338,592
4339,550
4340,775
4341,891
4342,512
4343,512
4344,246
4345,859
4346,338
4347,891
4348,854
4349,652
4350,338
4351,541
4352,302
4353,261
4354,338
4355,512
4356,173
4357,213
4358,1378
4359,1065
4360,496
4361,2633
4362,732
4363,2279
4364,1637
4365,1744
4366,634
4367,732
4368,634
4369,2279
4370,1744
4371,732
4372,815
4373,1378
4374,778
4375,1468
4376,455
4377,812
4378,1400
4379,2648
4380,1346
4381,1540
4382,1172
4383,2648
4384,2648
4385,1322
4386,1628
4387,967
4388,1540
4389,1322
4390,1653
4391,1322
4392,1322
4393,3317
4394,979
4395,3317
4396,1628
4397,1365
4398,1628
4399,2253
4400,826
4401,448
4402,949
4403,1014
4404,388
4405,1315
4406,1014
4407,2880
4408,2880
4409,660
4410,531
4411,1438
4412,594
4413,2880
4414,2880
4415,669
4416,547
4417,539
4418,669
4419,1373
4420,547
4421,1408
4422,669
4423,323
4424,342
4425,426
4426,883
4427,1073
4428,601
4429,883
4430,323
4431,881
4432,360
4433,984
4434,342
4435,881
4436,881
4437,761
4438,544
4439,521
4440,323
4441,700
4442,360
4443,426
4444,700
4445,310
4446,291
4447,171
4448,225
4449,310
4450,346
4451,675
4452,171
4453,346
4454,241
4455,678
4456,310
4457,310
4458,310
4459,671
4460,310
4461,310
4462,266
4463,225
4464,241
4465,225
4466,225
4467,806
4468,886
4469,886
4470,668
4471,2414
4472,2414
4473,2414
4474,806
4475,1243
4476,594
4477,1676
4478,719
4479,1676
4480,1676
4481,2414
4482,911
4483,911
4484,692
4485,828
4486,719
4487,886
4488,594
4489,873
4490,373
4491,358
4492,647
4493,934
4494,934
4495,1097
4496,329
4497,865
4498,329
4499,970
4500,404
4501,1097
4502,931
4503,970
4504,404
4505,451
4506,401
4507,373
4508,225
4509,451
4510,358
4511,98
4512,118
4513,118
4514,103
4515,225
4516,456
4517,629
4518,286
4519,161
4520,181
4521,277
4522,150
4523,629
4524,328
4525,150
4526,239
4527,225
4528,103
4529,239
4530,150
4531,196
4532,152
4533,517
4534,237
4535,150
4536,517
4537,455
4538,284
4539,348
4540,171
4541,1120
4542,207
4543,1221
4544,220
4545,301
4546,284
4547,1145
4548,301
4549,284
4550,301
4551,220
4552,237
4553,237
4554,110
4555,283
4556,193
4557,134
4558,283
4559,299
4560,221
4561,283
4562,134
4563,424
4564,170
4565,455
4566,188
4567,221
4568,235
4569,455
4570,273
4571,246
4572,283
4573,170
4574,193
4575,170
4576,95
4577,415
4578,263
4579,151
4580,554
4581,346
4582,234
4583,346
4584,163
4585,675
4586,171
4587,675
4588,195
4589,234
4590,237
4591,672
4592,322
4593,248
4594,270
4595,234
4596,234
4597,195
4598,109
4599,216
4600,58
4601,40
4602,216
4603,150
4604,158
4605,219
4606,40
4607,190
4608,47
4609,235
4610,52
4611,190
4612,147
4613,235
4614,100
4615,92
4616,52
4617,100
4618,52
4619,58
4620,37
4621,564
4622,240
4623,197
4624,501
4625,561
4626,344
4627,561
4628,197
4629,929
4630,197
4631,1422
4632,287
4633,353
4634,344
4635,1042
4636,304
4637,304
4638,287
4639,461
4640,240
4641,291
4642,197
4643,329
4644,200
4645,165
4646,287
4647,291
4648,278
4649,329
4650,165
4651,563
4652,165
4653,678
4654,237
4655,291
4656,287
4657,629
4658,304
4659,287
4660,240
4661,200
4662,161
4663,165
4664,113
4665,490
4666,219
4667,181
4668,665
4669,449
4670,281
4671,534
4672,188
4673,739
4674,191
4675,760
4676,271
4677,281
4678,281
4679,768
4680,322
4681,281
4682,271
4683,322
4684,191
4685,271
4686,189
4687,564
4688,304
4689,161
4690,564
4691,478
4692,359
4693,351
4694,161
4695,1053
4696,226
4697,1053
4698,250
4699,309
4700,309
4701,1125
4702,309
4703,309
4704,309
4705,265
4706,265
4707,250
4708,150
4709,421
4710,526
4711,339
4712,347
4713,526
4714,662
4715,1261
4716,421
4717,2964
4718,2964
4719,1464
4720,526
4721,1779
4722,2964
4723,690
4724,526
4725,627
4726,470
4727,526
4728,347
4729,561
4730,526
4731,759
4732,311
4733,505
4734,166
4735,718
4736,548
4737,863
4738,346
4739,311
4740,186
4741,972
4742,482
4743,759
4744,708
4745,578
4746,346
4747,578
4748,311
4749,186
4750,258
4751,840
4752,230
4753,222
4754,135
4755,86
4756,95
4757,186
4758,147
4759,222
4760,86
4761,135
4762,47
4763,192
4764,86
4765,192
4766,222
4767,239
4768,86
4769,135
4770,95
4771,41
4772,110
4773,128
4774,37
4775,240
4776,153
4777,153
4778,440
4779,329
4780,240
4781,513
4782,240
4783,1360
4784,304
4785,602
4786,287
4787,440
4788,291
4789,555
4790,490
4791,351
4792,490
4793,287
4794,304
4795,240
4796,131
4797,279
4798,346
4799,482
4800,578
4801,584
4802,294
4803,605
4804,321
4805,1138
4806,311
4807,578
4808,311
4809,819
4810,584
4811,605
4812,819
4813,578
4814,346
4815,605
4816,445
4817,505
4818,346
4819,187
4820,236
4821,197
4822,127
4823,458
4824,278
4825,291
4826,197
4827,783
4828,278
4829,628
4830,287
4831,287
4832,550
4833,550
4834,278
4835,458
4836,278
4837,278
4838,199
4839,187
4840,161
4841,440
4842,440
4843,468
4844,386
4845,1018
4846,524
4847,1822
4848,1274
4849,6909
4850,1009
4851,1854
4852,1274
4853,1854
4854,986
4855,986
4856,1571
4857,986
4858,1176
4859,1009
4860,619
4861,468
4862,986
4863,322
4864,540
4865,460
4866,620
4867,620
4868,620
4869,1269
4870,656
4871,1872
4872,387
4873,920
4874,589
4875,883
4876,1073
4877,883
4878,1146
4879,723
4880,620
4881,777
4882,350
4883,589
4884,620
4885,247
4886,285
4887,247
4888,280
4889,324
4890,324
4891,519
4892,324
4893,1806
4894,285
4895,576
4896,295
4897,474
4898,576
4899,576
4900,619
4901,324
4902,345
4903,345
4904,196
4905,280
4906,285
4907,170
4908,30
4909,40
4910,188
4911,52
4912,76
4913,235
4914,108
4915,446
4916,37
4917,245
4918,47
4919,186
4920,157
4921,267
4922,52
4923,40
4924,76
4925,130
4926,37
4927,37
4928,52
4929,280
4930,280
4931,194
4932,280
4933,347
4934,280
4935,606
4936,280
4937,3199
4938,312
4939,579
4940,338
4941,606
4942,347
4943,679
4944,587
4945,446
4946,506
4947,376
4948,231
4949,231
4950,259
4951,356
4952,174
4953,271
4954,313
4955,356
4956,314
4957,688
4958,313
4959,1739
4960,189
4961,820
4962,283
4963,588
4964,588
4965,1141
4966,531
4967,429
4968,313
4969,820
4970,232
4971,293
4972,429
4973,188
4974,47
4975,40
4976,188
4977,134
4978,92
4979,134
4980,40
4981,215
4982,25
4983,147
4984,40
4985,108
4986,92
4987,92
4988,92
4989,92
4990,76
4991,58
4992,92
4993,76
4994,40
4995,225
4996,173
4997,150
4998,63
4999,271
5000,498
5001,498
5002,196
5003,457
5004,150
5005,673
5006,408
5007,277
5008,476
5009,498
5010,277
5011,277
5012,271
5013,110
5014,103
5015,161
5016,103
5017,166
5018,154
5019,154
5020,151
5021,239
5022,304
5023,353
5024,154
5025,310
5026,154
5027,407
5028,265
5029,353
5030,541
5031,583
5032,304
5033,304
5034,265
5035,223
5036,166
5037,239
5038,193
5039,353
5040,158
5041,110
5042,200
5043,650
5044,504
5045,612
5046,200
5047,790
5048,250
5049,894
5050,409
5051,504
5052,780
5053,780
5054,353
5055,467
5056,353
5057,169
5058,276
5059,250
5060,125
5061,178
5062,545
5063,709
5064,153
5065,715
5066,575
5067,879
5068,1114
5069,656
5070,634
5071,709
5072,575
5073,1489
5074,1114
5075,656
5076,626
5077,542
5078,603
5079,1410
5080,230
5081,753
5082,634
5083,470
5084,250
5085,261
5086,296
5087,470
5088,504
5089,612
5090,261
5091,504
5092,237
5093,440
5094,527
5095,612
5096,612
5097,736
5098,470
5099,470
5100,276
5101,206
5102,296
5103,296
5104,169
5105,219
5106,258
5107,104
5108,131
5109,281
5110,281
5111,539
5112,167
5113,539
5114,219
5115,665
5116,271
5117,511
5118,511
5119,490
5120,281
5121,271
5122,281
5123,144
5124,193
5125,219
5126,121
5149,546
5150,284
5151,110
5152,189
5153,971
5154,680
5155,546
5156,148
5157,1019
5158,301
5159,971
5160,435
5161,455
5162,552
5163,1019
5164,496
5165,455
5166,546
5167,185
5168,420
5169,237
5170,148
5171,286
5172,273
5173,192
5174,282
5175,418
5176,235
5177,472
5178,192
5179,695
5180,192
5181,418
5182,192
5183,418
5184,282
5185,324
5186,260
5187,286
5188,192
5189,267
5190,282
5191,192
5192,260
5193,284
5194,393
5195,284
5196,247
5197,606
5198,606
5199,584
5200,440
5201,637
5202,524
5203,584
5204,523
5205,575
5206,634
5207,575
5208,443
5209,606
5210,524
5211,284
5212,584
5213,634
5214,230
5215,100
5216,110
5217,158
5218,105
5219,161
5220,170
5221,235
5222,134
5223,100
5224,85
5225,149
5226,161
5227,218
5228,235
5229,134
5230,170
5231,324
5232,92
5233,127
5234,147
5235,235
5236,149
5237,231
5238,520
5239,520
5240,279
5241,742
5242,520
5243,579
5244,742
5245,623
5246,323
5247,742
5248,468
5249,1269
5250,742
5251,623
5252,411
5253,520
5254,323
5255,298
5256,623
5257,579
5258,279
5259,549
5260,638
5261,669
5262,278
5263,693
5264,610
5265,634
5266,549
5267,634
5268,417
5269,674
5270,608
5271,834
5272,728
5273,674
5274,608
5275,669
5276,549
5277,263
5278,634
5279,674
5280,299
5281,59
5282,585
5283,69
5284,321
5285,379
5286,154
5287,321
5288,154
5289,589
5290,51
5291,589
5292,85
5293,589
5294,606
5295,299
5296,321
5297,236
5298,154
5299,221
5300,589
5301,210
5302,79
5303,185
5304,189
5305,189
5306,150
5307,403
5308,274
5309,275
5310,189
5311,274
5312,223
5313,403
5314,189
5315,403
5316,403
5317,274
5318,110
5319,274
5320,150
5321,86
5322,341
5323,403
5324,46
5325,879
5326,236
5327,236
5328,140
5329,694
5330,612
5331,612
5332,310
5333,547
5334,295
5335,678
5336,547
5337,547
5338,678
5339,612
5340,516
5341,612
5342,257
5343,180
5344,236
5345,257
5346,103
5347,134
5348,109
5349,85
5350,91
5351,183
5352,157
5353,146
5354,46
5355,312
5356,157
5357,233
5358,109
5359,114
5360,146
5361,233
5362,185
5363,219
5364,114
5365,109
5366,114
5367,203
5368,75
5369,361
5370,293
5371,150
5372,104
5373,566
5374,225
5375,723
5376,304
5377,923
5378,504
5379,605
5380,272
5381,854
5382,1010
5383,359
5384,820
5385,359
5386,149
5387,367
5388,210
5389,348
5390,130
5391,56
5392,162
5393,190
5394,56
5395,271
5396,169
5397,654
5398,375
5399,1303
5400,373
5401,478
5402,178
5403,497
5404,404
5405,362
5406,348
5407,292
5408,361
5409,476
5410,78
5411,129
5412,418
5413,86
5414,210
5415,68
5416,50
5417,204
5418,115
5419,163
5420,159
5421,346
5422,81
5423,304
5424,178
5425,319
5426,188
5427,255
5428,93
5429,115
5430,68
5431,93
5432,182
5433,120
5434,68
5435,687
5436,168
5437,214
5438,336
5439,510
5440,783
5441,744
5442,317
5443,678
5444,214
5445,1074
5446,480
5447,485
5448,806
5449,825
5450,506
5451,455
5452,326
5453,278
5454,238
5455,238
5456,89
5457,642
5458,289
5459,279
5460,63
5461,921
5462,1278
5463,1575
5464,454
5465,959
5466,532
5467,2279
5468,937
5469,955
5470,1565
5471,1624
5472,880
5473,921
5474,668
5475,435
5476,316
5477,321
5478,100
5479,27
5480,45
5481,168
5482,63
5483,164
5484,72
5485,284
5486,395
5487,55
5488,63
5489,104
5490,63
5491,588
5492,278
5493,45
5494,51
5495,69
5496,51
5497,104
5498,45
5499,110
5500,56
5501,37
5502,112
5503,212
5504,63
5505,179
5506,58
5507,644
5508,336
5509,800
5510,268
5511,164
5512,112
5513,950
5514,532
5515,110
5516,214
5517,288
5518,99
5519,93
5520,85
5521,289
5522,85
5523,73
5524,208
5525,84
5526,44
5527,307
5528,230
5529,199
5530,34
5531,321
5532,120
5533,368
5534,178
5535,248
5536,383
5537,321
5538,199
5539,343
5540,115
5541,73
5542,206
5543,128
5544,152
5545,504
5546,965
5547,358
5548,331
5549,746
5550,877
5551,2362
5552,865
5553,1965
5554,1433
5555,1361
5556,671
5557,936
5558,2362
5559,1051
5560,699
5561,853
5562,600
5563,703
5564,543
5565,961
5566,1021
5567,273
5568,319
5569,620
5570,19
5571,620
5572,278
5573,966
5574,433
5575,134
5576,93
5577,510
5578,273
5579,793
5580,605
5581,242
5582,81
5583,359
5584,407
5585,113
5586,63
5587,620
5588,158
5589,164
5590,276
5591,113
5592,100
5593,319
5594,302
5595,379
5596,145
5597,2253
5598,291
5599,565
5600,259
5601,247
5602,477
5603,766
5604,603
5605,457
5606,335
5607,355
5608,201
5609,162
5610,171
5611,222
5612,256
5613,104
5614,154
5615,441
5616,377
5617,601
5618,183
5619,2259
5620,315
5621,874
5622,278
5623,418
5624,605
5625,691
5626,817
5627,369
5628,396
5629,365
5630,216
5631,263
5632,225
5633,95
5634,15
5635,48
5636,288
5637,56
5638,93
5639,253
5640,137
5641,388
5642,20
5643,263
5644,36
5645,276
5646,263
5647,277
5648,111
5649,25
5650,67
5651,165
5652,19
5653,48
5654,111
5655,184
5656,163
5657,136
5658,228
5659,243
5660,287
5661,973
5662,302
5663,2098
5664,267
5665,636
5666,201
5667,1089
5668,445
5669,793
5670,498
5671,343
5672,565
5673,313
5674,107
5675,136
5676,74
5677,67
5678,89
5679,91
5680,65
5681,148
5682,350
5683,288
5684,150
5685,289
5686,19
5687,244
5688,20
5689,230
5690,311
5691,153
5692,62
5693,93
5694,19
5695,48
5696,20
5697,75
5698,96
5699,330
5700,397
5701,540
5702,111
5703,201
5704,533
5705,1080
5706,1079
5707,487
5708,617
5709,391
5710,581
5711,398
5712,617
5713,771
5714,561
5715,457
5716,487
5717,347
5718,289
5719,335
5720,360
5721,444
5722,64
5723,530
5724,144
5725,25
5726,27
5727,515
5728,248
5729,236
5730,197
5731,530
5732,212
5733,118
5734,247
5735,298
5736,515
5737,337
5738,348
5739,862
5740,175
5741,112
5742,337
5743,328
5744,53
5745,347
5746,394
5747,366
5748,470
5749,1168
5750,592
5751,1046
5752,459
5753,1780
5754,703
5755,1099
5756,703
5757,1096
5758,1168
5759,1041
5760,660
5761,697
5762,949
5763,1015
5764,501
5765,484
5766,401
5767,45
5768,165
5769,221
5770,45
5771,395
5772,119
5773,417
5774,319
5775,319
5776,186
5777,261
5778,124
5779,439
5780,298
5781,168
5782,94
5783,269
5784,85
5785,148
5786,130
5787,347
5788,85
5789,95
5790,163
5791,102
5792,44
5793,233
5794,209
5795,134
5796,90
5797,333
5798,120
5799,184
5800,165
5801,130
5802,120
5803,184
5804,184
5805,206
5806,108
5807,86
5808,86
5809,80
5810,51
5811,49
5812,138
5813,415
5814,41
5815,336
5816,250
5817,1158
5818,924
5819,546
5820,162
5821,401
5822,175
5823,1171
5824,671
5825,134
5826,162
5827,134
5828,146
5829,349
5830,83
5831,250
5832,249
5833,1870
5834,204
5835,178
5836,255
5837,674
5838,655
5839,680
5840,249
5841,896
5842,267
5843,1870
5844,267
5845,291
5846,695
5847,865
5848,668
5849,594
5850,256
5851,194
5852,263
5853,263
5854,11
5855,182
5856,159
5857,89
5858,67
5859,351
5860,116
5861,392
5862,168
5863,400
5864,275
5865,355
5866,148
5867,456
5868,468
5869,182
5870,405
5871,182
5872,89
5873,176
5874,78
5875,180
5876,86
5877,36
5878,105
5879,124
5880,36
5881,148
5882,103
5883,346
5884,192
5885,529
5886,192
5887,220
5888,115
5889,221
5890,211
5891,192
5892,190
5893,157
5894,192
5895,220
5896,50
5897,92
5898,208
5899,53
5900,107
5901,33
5902,27
5903,108
5904,67
5905,92
5906,87
5907,167
5908,48
5909,150
5910,101
5911,156
5912,106
5913,127
5914,51
5915,67
5916,33
5917,51
5918,101
5919,64
5920,33
5921,276
5922,96
5923,117
5924,182
5925,212
5926,313
5927,368
5928,165
5929,276
5930,117
5931,461
5932,211
5933,209
5934,289
5935,338
5936,226
5937,202
5938,173
5939,148
5940,136
5941,136
5942,61
5943,331
5944,165
5945,158
5946,37
5947,394
5948,669
5949,742
5950,209
5951,419
5952,261
5953,1245
5954,439
5955,403
5956,742
5957,844
5958,385
5959,394
5960,344
5961,215
5962,174
5963,181
5964,66
5965,13
5966,21
5967,90
5968,32
5969,92
5970,45
5971,144
5972,174
5973,28
5974,32
5975,61
5976,32
5977,255
5978,139
5979,21
5980,26
5981,35
5982,26
5983,61
5984,21
5985,66
5986,28
5987,20
5988,68
5989,108
5990,32
5991,101
5992,29
5993,305
5994,174
5995,298
5996,132
5997,92
5998,68
5999,457
6000,238
6001,66
6002,109
6003,145
6004,57
6005,51
6006,52
6007,144
6008,52
6009,42
6010,106
6011,50
6012,14
6013,139
6014,116
6015,106
6016,12
6017,157
6018,58
6019,169
6020,95
6021,127
6022,179
6023,157
6024,106
6025,167
6026,61
6027,42
6028,106
6029,70
6030,79
6031,221
6032,428
6033,193
6034,174
6035,377
6036,442
6037,1204
6038,412
6039,1122
6040,681
6041,695
6042,341
6043,420
6044,1204
6045,507
6046,350
6047,390
6048,301
6049,350
6050,230
6051,428
6052,436
6053,140
6054,165
6055,260
6056,15
6057,260
6058,147
6059,386
6060,202
6061,85
6062,59
6063,218
6064,140
6065,284
6066,247
6067,132
6068,53
6069,187
6070,203
6071,73
6072,38
6073,260
6074,93
6075,105
6076,154
6077,80
6078,68
6079,180
6080,167
6081,192
6082,98
6083,1429
6084,160
6085,310
6086,141
6087,147
6088,221
6089,433
6090,309
6091,207
6092,187
6093,192
6094,126
6095,105
6096,107
6097,138
6098,143
6099,75
6100,99
6101,216
6102,204
6103,349
6104,116
6105,1207
6106,178
6107,522
6108,159
6109,218
6110,349
6111,421
6112,471
6113,199
6114,214
6115,197
6116,139
6117,150
6118,135
6119,68
6120,13
6121,28
6122,159
6123,34
6124,68
6125,148
6126,97
6127,179
6128,16
6129,152
6130,26
6131,158
6132,152
6133,158
6134,83
6135,18
6136,39
6137,107
6138,16
6139,28
6140,83
6141,119
6142,108
6143,95
6144,138
6145,146
6146,165
6147,598
6148,168
6149,1266
6150,150
6151,329
6152,129
6153,760
6154,210
6155,351
6156,220
6157,192
6158,303
6159,174
6160,76
6161,95
6162,54
6163,39
6164,66
6165,63
6166,39
6167,102
6168,174
6169,159
6170,102
6171,155
6172,16
6173,148
6174,16
6175,142
6176,157
6177,102
6178,38
6179,68
6180,16
6181,28
6182,16
6183,51
6184,68
6185,167
6186,215
6187,167
6188,167
6189,496
6190,496
6191,129
6192,231
6193,197
6194,205
6195,215
6196,231
6197,350
6198,208
6199,177
6200,129
6201,180
6202,157
6203,165
6204,181
6205,186
6206,33
6207,208
6208,85
6209,14
6210,208
6211,131
6212,120
6213,110
6214,208
6215,108
6216,65
6217,131
6218,142
6219,208
6220,175
6221,173
6222,445
6223,102
6224,68
6225,175
6226,166
6227,26
6228,198
6229,201
6230,192
6231,214
6232,552
6233,297
6234,473
6235,190
6236,860
6237,350
6238,503
6239,350
6240,503
6241,552
6242,473
6243,337
6244,350
6245,420
6246,479
6247,223
6248,206
6249,207
6250,21
6251,90
6252,103
6253,21
6254,166
6255,64
6256,169
6257,141
6258,141
6259,104
6260,109
6261,68
6262,172
6263,127
6264,90
6265,54
6266,117
6267,52
6268,85
6269,80
6270,162
6271,52
6272,54
6273,92
6274,57
6275,21
6276,120
6277,107
6278,80
6279,50
6280,154
6281,70
6282,104
6283,90
6284,80
6285,70
6286,104
6287,104
6288,110
6289,61
6290,52
6291,52
6292,47
6293,26
6294,28
6295,92
6296,207
6297,20
6298,186
6299,144
6300,765
6301,427
6302,260
6303,106
6304,203
6305,116
6306,787
6307,339
6308,93
6309,106
6310,93
6311,98
6312,190
6313,60
6314,144
6315,144
6316,1031
6317,127
6318,115
6319,144
6320,368
6321,362
6322,368
6323,144
6324,489
6325,148
6326,1031
6327,148
6328,160
6329,380
6330,451
6331,361
6332,310
6333,141
6334,125
6335,148
6336,148
6337,7
6338,214
6339,217
6340,135
6341,100
6342,469
6343,169
6344,528
6345,229
6346,531
6347,375
6348,477
6349,213
6350,610
6351,631
6352,214
6353,528
6354,214
6355,135
6356,214
6357,117
6358,214
6359,128
6360,76
6361,172
6362,195
6363,76
6364,242
6365,171
6366,531
6367,305
6368,745
6369,305
6370,351
6371,180
6372,351
6373,317
6374,305
6375,305
6376,245
6377,305
6378,351
6379,99
6380,152
6381,313
6382,76
6383,135
6384,48
6385,40
6386,135
6387,92
6388,116
6389,113
6390,210
6391,72
6392,196
6393,127
6394,196
6395,135
6396,164
6397,76
6398,92
6399,48
6400,76
6401,127
6402,92
6403,48
6404,387
6405,151
6406,182
6407,263
6408,303
6409,441
6410,503
6411,250
6412,387
6413,182
6414,678
6415,303
6416,303
6417,404
6418,474
6419,340
6420,303
6421,262
6422,233
6423,204
6424,204
6425,106
6426,512
6427,295
6428,274
6429,90
6430,619
6431,949
6432,1140
6433,331
6434,691
6435,425
6436,2085
6437,689
6438,616
6439,1140
6440,1305
6441,581
6442,619
6443,553
6444,348
6445,307
6446,299
6447,133
6448,26
6449,32
6450,118
6451,48
6452,117
6453,68
6454,182
6455,226
6456,46
6457,48
6458,86
6459,48
6460,298
6461,174
6462,32
6463,40
6464,55
6465,40
6466,86
6467,32
6468,91
6469,46
6470,32
6471,91
6472,135
6473,48
6474,127
6475,46
6476,369
6477,225
6478,346
6479,170
6480,116
6481,91
6482,614
6483,286
6484,91
6485,140
6486,180
6487,85
6488,76
6489,76
6490,180
6491,76
6492,79
6493,162
6494,92
6495,37
6496,204
6497,171
6498,162
6499,37
6500,233
6501,102
6502,248
6503,149
6504,198
6505,263
6506,233
6507,162
6508,248
6509,106
6510,79
6511,162
6512,123
6513,132
6514,301
6515,602
6516,266
6517,234
6518,488
6519,623
6520,1357
6521,575
6522,1218
6523,765
6524,756
6525,479
6526,604
6527,1357
6528,648
6529,485
6530,534
6531,416
6532,485
6533,309
6534,602
6535,600
6536,202
6537,243
6538,385
6539,35
6540,385
6541,226
6542,499
6543,296
6544,131
6545,97
6546,308
6547,202
6548,387
6549,358
6550,195
6551,87
6552,280
6553,293
6554,120
6555,67
6556,385
6557,137
6558,169
6559,236
6560,137
6561,118
6562,270
6563,253
6564,299
6565,161
6566,2219
6567,239
6568,466
6569,212
6570,236
6571,345
6572,652
6573,466
6574,307
6575,294
6576,299
6577,204
6578,169
6579,169
6580,213
6581,220
6582,133
6583,162
6584,323
6585,310
6586,528
6587,188
6588,1845
6589,273
6590,731
6591,242
6592,323
6593,528
6594,662
6595,708
6596,312
6597,314
6598,302
6599,213
6600,239
6601,210
6602,104
6603,34
6604,57
6605,230
6606,66
6607,104
6608,227
6609,152
6610,259
6611,34
6612,227
6613,50
6614,230
6615,227
6616,230
6617,133
6618,41
6619,66
6620,165
6621,34
6622,57
6623,133
6624,190
6625,173
6626,160
6627,215
6628,242
6629,259
6630,990
6631,259
6632,2174
6633,242
6634,496
6635,208
6636,1138
6637,316
6638,533
6639,350
6640,304
6641,463
6642,271
6643,135
6644,160
6645,100
6646,66
6647,104
6648,102
6649,66
6650,156
6651,257
6652,230
6653,156
6654,227
6655,34
6656,227
6657,34
6658,208
6659,230
6660,156
6661,66
6662,104
6663,34
6664,57
6665,34
6666,86
6667,104
6668,252
6669,275
6670,252
6671,160
6672,252
6673,617
6674,617
6675,195
6676,310
6677,282
6678,291
6679,275
6680,310
6681,480
6682,287
6683,262
6684,195
6685,263
6686,237
6687,252
6688,263
6689,279
6690,48
6691,244
6692,115
6693,26
6694,244
6695,172
6696,153
6697,142
6698,244
6699,137
6700,91
6701,172
6702,182
6703,244
6704,227
6705,227
6706,606
6707,137
6708,91
6709,227
6710,214
6711,40
6712,293
6713,296
6714,272
6715,276
6716,697
6717,414
6718,690
6719,272
6720,1002
6721,495
6722,683
6723,495
6724,683
6725,697
6726,690
6727,483
6728,495
6729,634
6730,697
6731,311
6732,293
6733,288
6734,32
6735,118
6736,136
6737,32
6738,214
6739,91
6740,218
6741,177
6742,177
6743,136
6744,142
6745,91
6746,218
6747,169
6748,118
6749,75
6750,153
6751,75
6752,115
6753,110
6754,214
6755,75
6756,81
6757,132
6758,91
6759,36
6760,168
6761,151
6762,119
6763,81
6764,214
6765,108
6766,151
6767,131
6768,119
6769,108
6770,151
6771,151
6772,156
6773,92
6774,81
6775,81
6776,77
6777,46
6778,52
6779,131
6780,286
6781,42
6782,262
6783,197
6784,803
6785,537
6786,379
6787,150
6788,291
6789,159
6790,803
6791,395
6792,131
6793,150
6794,131
6795,142
6796,278
6797,99
6798,197
6799,197
6800,1492
6801,220
6802,194
6803,244
6804,576
6805,563
6806,576
6807,244
6808,723
6809,264
6810,1492
6811,264
6812,266
6813,576
6814,729
6815,563
6816,498
6817,240
6818,220
6819,264
6820,264
6821,41
6822,165
6823,175
6824,129
6825,96
6826,426
6827,164
6828,573
6829,219
6830,573
6831,354
6832,452
6833,165
6834,652
6835,645
6836,165
6837,573
6838,165
6839,129
6840,165
6841,111
6842,165
6843,126
6844,73
6845,165
6846,192
6847,73
6848,239
6849,165
6850,498
6851,287
6852,679
6853,287
6854,329
6855,173
6856,329
6857,303
6858,287
6859,287
6860,239
6861,287
6862,329
6863,98
6864,150
6865,303
6866,70
6867,126
6868,42
6869,36
6870,126
6871,85
6872,107
6873,107
6874,194
6875,68
6876,187
6877,123
6878,187
6879,126
6880,157
6881,70
6882,85
6883,42
6884,70
6885,123
6886,85
6887,42
6888,360
6889,147
6890,170
6891,261
6892,285
6893,426
6894,475
6895,236
6896,360
6897,170
6898,641
6899,285
6900,285
6901,378
6902,452
6903,322
6904,285
6905,261
6906,222
6907,194
6908,194
6909,101
6910,545
6911,285
6912,273
6913,91
6914,612
6915,918
6916,1178
6917,329
6918,721
6919,443
6920,1857
6921,721
6922,644
6923,1178
6924,1333
6925,601
6926,612
6927,599
6928,352
6929,299
6930,295
6931,133
6932,25
6933,29
6934,109
6935,42
6936,109
6937,59
6938,169
6939,217
6940,39
6941,42
6942,80
6943,42
6944,275
6945,169
6946,29
6947,33
6948,51
6949,33
6950,80
6951,29
6952,85
6953,39
6954,29
6955,85
6956,126
6957,42
6958,123
6959,42
6960,347
6961,217
6962,330
6963,161
6964,107
6965,85
6966,588
6967,266
6968,85
6969,129
6970,169
6971,80
6972,70
6973,70
6974,169
6975,70
6976,97
6977,179
6978,107
6979,50
6980,215
6981,183
6982,179
6983,50
6984,244
6985,116
6986,258
6987,168
6988,210
6989,283
6990,244
6991,179
6992,258
6993,122
6994,97
6995,179
6996,137
6997,148
6998,277
6999,580
7000,258
7001,219
7002,444
7003,557
7004,1264
7005,545
7006,1110
7007,716
7008,727
7009,445
7010,580
7011,1264
7012,622
7013,444
7014,507
7015,383
7016,444
7017,281
7018,580
7019,580
7020,193
7021,235
7022,359
7023,33
7024,359
7025,219
7026,456
7027,275
7028,127
7029,92
7030,288
7031,193
7032,359
7033,343
7034,188
7035,85
7036,268
7037,275
7038,110
7039,58
7040,359
7041,127
7042,161
7043,226
7044,131
7045,113
7046,265
7047,240
7048,278
7049,153
7050,1997
7051,236
7052,458
7053,200
7054,226
7055,329
7056,644
7057,458
7058,291
7059,278
7060,278
7061,197
7062,161
7063,161
7064,198
7065,220
7066,128
7067,159
7068,307
7069,289
7070,480
7071,186
7072,1667
7073,263
7074,662
7075,237
7076,307
7077,480
7078,619
7079,657
7080,302
7081,302
7082,285
7083,198
7084,234
7085,198
7086,100
7087,33
7088,52
7089,219
7090,58
7091,100
7092,216
7093,147
7094,240
7095,33
7096,216
7097,47
7098,219
7099,216
7100,219
7101,127
7102,37
7103,58
7104,158
7105,33
7106,52
7107,127
7108,189
7109,171
7110,150
7111,207
7112,237
7113,248
7114,938
7115,248
7116,1876
7117,237
7118,455
7119,194
7120,1098
7121,301
7122,517
7123,326
7124,284
7125,435
7126,263
7127,128
7128,150
7129,96
7130,58
7131,100
7132,100
7133,58
7134,150
7135,240
7136,219
7137,150
7138,216
7139,33
7140,216
7141,33
7142,190
7143,219
7144,150
7145,58
7146,100
7147,33
7148,52
7149,33
7150,81
7151,100
7152,223
7153,255
7154,223
7155,146
7156,223
7157,583
7158,583
7159,181
7160,269
7161,256
7162,260
7163,255
7164,269
7165,443
7166,256
7167,248
7168,181
7169,248
7170,220
7171,223
7172,248
7173,256
7174,42
7175,233
7176,107
7177,233
7178,161
7179,146
7180,134
7181,233
7182,126
7183,85
7184,161
7185,169
7186,233
7187,217
7188,217
7189,571
7190,126
7191,85
7192,217
7193,194
7194,33
7195,279
7196,279
7197,267
7198,273
7199,668
7200,394
7201,668
7202,267
7203,998
7204,456
7205,665
7206,456
7207,665
7208,668
7209,668
7210,456
7211,456
7212,606
7213,668
7214,292
7215,279
7216,273
7217,29
7218,29
7219,109
7220,126
7221,174
7222,85
7223,183
7224,169
7225,169
7226,126
7227,134
7228,85
7229,183
7230,157
7231,109
7232,69
7233,146
7234,69
7235,107
7236,105
7237,174
7238,69
7239,75
7240,126
7241,85
7242,33
7243,157
7244,146
7245,109
7246,75
7247,194
7248,100
7249,146
7250,126
7251,109
7252,100
7253,146
7254,146
7255,149
7256,85
7257,75
7258,75
7259,69
7260,39
7261,46
7262,128
7263,269
7264,32
7265,262
7266,189
7267,746
7268,517
7269,348
7270,148
7271,274
7272,150
7273,746
7274,373
7275,128
7276,148
7277,128
7278,135
7279,269
7280,96
7281,189
7282,189
7283,1288
7284,226
7285,196
7286,243
7287,592
7288,592
7289,592
7290,243
7291,698
7292,268
7293,1288
7294,268
7295,268
7296,592
7297,694
7298,592
7299,470
7300,243
7301,226
7302,268
7303,268
7304,44
